<?xml version="1.0" encoding="UTF-8"?>
<project-private xmlns="http://www.netbeans.org/ns/project-private/1">
    <editor-bookmarks xmlns="http://www.netbeans.org/ns/editor-bookmarks/2" lastBookmarkId="0"/>
    <open-files xmlns="http://www.netbeans.org/ns/projectui-open-files/2">
        <group>
            <file>file:/C:/Users/chuah/OneDrive/Documents/NetBeansProjects/pos1/src/CheckInDonate/CheckInDonateButton.java</file>
            <file>file:/C:/Users/chuah/OneDrive/Documents/NetBeansProjects/pos1/src/pos1/Merchandise.java</file>
            <file>file:/C:/Users/chuah/OneDrive/Documents/NetBeansProjects/pos1/src/CheckInDonate/Donation.java</file>
            <file>file:/C:/Users/chuah/OneDrive/Documents/NetBeansProjects/pos1/src/CheckInDonate/homeD.java</file>
            <file>file:/C:/Users/chuah/OneDrive/Documents/NetBeansProjects/pos1/src/CheckInDonate/CheckIn.java</file>
            <file>file:/C:/Users/chuah/OneDrive/Documents/NetBeansProjects/pos1/src/pos1/PTree.java</file>
        </group>
    </open-files>
</project-private>
